{"bookmarks":[{"pageid":6,"title":"Preface","x":-108.35643241429102,"y":-6.336633474519942}]}